{"cameraMode":{"drawMode":0,"name":"Shaded","section":"Shading Mode"},"sceneLighting":false,"audioPlay":false,"sceneViewState":{"showFog":true,"showMaterialUpdate":false,"showSkybox":true,"showFlares":true,"showImageEffects":true,"showParticleSystems":true,"showVisualEffectGraphs":true,"m_FxEnabled":true},"in2DMode":false,"pivot":{"x":7.216399192810059,"y":-0.16195717453956605,"z":-4.209244728088379},"rotation":{"x":0.23810817301273347,"y":0.022066449746489526,"z":-0.0031185902189463379,"w":0.9714693427085877},"size":4.741583347320557,"orthographic":false}