{"cameraMode":{"drawMode":0,"name":"Shaded","section":"Shading Mode"},"sceneLighting":false,"audioPlay":false,"sceneViewState":{"showFog":true,"showMaterialUpdate":false,"showSkybox":true,"showFlares":true,"showImageEffects":true,"showParticleSystems":true,"showVisualEffectGraphs":true,"m_FxEnabled":true},"in2DMode":false,"pivot":{"x":-1.4755892753601075,"y":-29.831745147705079,"z":-24.91757583618164},"rotation":{"x":0.024552535265684129,"y":0.982391893863678,"z":-0.19313834607601167,"w":0.02686232328414917},"size":1.4142351150512696,"orthographic":false}