{"cameraMode":{"drawMode":0,"name":"Shaded","section":"Shading Mode"},"sceneLighting":false,"audioPlay":false,"sceneViewState":{"showFog":true,"showMaterialUpdate":false,"showSkybox":true,"showFlares":true,"showImageEffects":true,"showParticleSystems":true,"showVisualEffectGraphs":true,"m_FxEnabled":true},"in2DMode":false,"pivot":{"x":5.927628040313721,"y":3.4455506801605226,"z":-5.811389923095703},"rotation":{"x":-0.6313958168029785,"y":-0.009576329030096531,"z":0.003553378861397505,"w":-0.7762587666511536},"size":0.11886636167764664,"orthographic":false}